userName,review,at,rating,date,bank,source
Amistad Civil,the worst app humans ever created,2025-06-09 13:27:28,1,2025-06-09,BOA,Google Play
Phillmon Haftom,it's not working,2025-06-05 08:57:36,3,2025-06-05,BOA,Google Play
Robel Alebachew,"Hello, I‚Äôm facing a problem with the BOA Mobile app. Every time I enter my phone number and password, the app crashes and shows an error that says ‚ÄúBoaMobile closed because this app has a bug.‚Äù I tried updating, reinstalling, and clearing cache, but nothing worked. Please fix this bug in the next update. I really need access to my account. Thank you.",2025-06-03 13:21:34,1,2025-06-03,BOA,Google Play
Haymanot Anberber,exceptional,2025-06-03 07:32:35,5,2025-06-03,BOA,Google Play
Mohamed Abdillahi,BoA Mobile good bank,2025-06-02 11:25:12,5,2025-06-02,BOA,Google Play
Ahadu tech,this is worest app 24/7 loading,2025-06-01 12:51:10,1,2025-06-01,BOA,Google Play
Fentaw Kefyalew,This App is not interest for Android phone Please update it .,2025-06-01 07:17:10,1,2025-06-01,BOA,Google Play
Mansour Abdulkadir,BoA system is confartable,2025-05-31 21:47:32,5,2025-05-31,BOA,Google Play
Ethiopia,"this app, for me , is a waste of time. It doesn't work . I can't even long in, and it really piss me off. FIX THE PROBLEM",2025-05-27 18:16:27,1,2025-05-27,BOA,Google Play
Gizachew Tesfahun,Good service.,2025-05-25 16:14:52,3,2025-05-25,BOA,Google Play
Tewodros Regasa,the app crush frequently,2025-05-24 09:24:56,1,2025-05-24,BOA,Google Play
Mabratu Tesfaye,good,2025-05-22 12:34:58,5,2025-05-22,BOA,Google Play
amanuel fikiru,You guys keeps getting worst,2025-05-22 05:57:39,1,2025-05-22,BOA,Google Play
Fikadu Netsere,good,2025-05-21 16:16:49,5,2025-05-21,BOA,Google Play
Natty Solomon,"This app is a joke. It crashes more than it works, takes forever to load, and half the features are just decorative at this point. Can‚Äôt log in, can‚Äôt transfer money, can‚Äôt even check my balance without it bugging out. To the developer: Are you actually trying to make this work, or is this some kind of social experiment to test our patience? Did you build this in your sleep? Because it definitely looks like it. If this is your idea of a functional app, maybe consider a different career pathüôè",2025-05-21 10:49:15,1,2025-05-21,BOA,Google Play
Deginet Zeleke E,BoA,2025-05-20 12:21:55,2,2025-05-20,BOA,Google Play
Nurhussen Mohammed,good,2025-05-20 07:57:13,5,2025-05-20,BOA,Google Play
Usu Elemo,but not opening on android,2025-05-19 14:19:32,4,2025-05-19,BOA,Google Play
Dagar,Worst App ever. Totally unreliable. And it didn't work at all for the last 4 months.,2025-05-18 12:36:47,1,2025-05-18,BOA,Google Play
NURI KEDU,amazing,2025-05-18 11:34:19,5,2025-05-18,BOA,Google Play
EYOB FASIL ALEMAYEHU,excellent app,2025-05-16 18:34:42,4,2025-05-16,BOA,Google Play
Mohammed Siraj,excellent,2025-05-15 12:42:43,5,2025-05-15,BOA,Google Play
Mule Kebede,·àû·àã·ã¨ ·ä®·â†·ã∞,2025-05-14 12:47:57,5,2025-05-14,BOA,Google Play
fire biru,"this app does no work on Samsung a51, it just gives a preview of the logo",2025-05-11 16:07:08,1,2025-05-11,BOA,Google Play
Samson Bogale,nice,2025-05-10 15:48:38,5,2025-05-10,BOA,Google Play
bogale abunu,"i entered incorrect security question by mistake boa app lock pin forever, why is there no other options? ?? i contacted different branchs more then 4times but they didn't able to solve this issue .",2025-05-10 09:44:44,5,2025-05-10,BOA,Google Play
Eyuel Baharu,Best app,2025-05-09 13:12:56,5,2025-05-09,BOA,Google Play
Abdu berHanu,liking this application good üëç,2025-05-07 15:34:10,5,2025-05-07,BOA,Google Play
Ahmed Abdo Bedaso,"This app future is good, but there is problems with apps to reset and activate it, which is difficult even to the branch staffs, and it takes too long times to active at the branch plus most of the time high expected failure of activation after process at the counter and OTP sent not work",2025-05-06 15:06:33,1,2025-05-06,BOA,Google Play
Amnuel Gashaw Aman,good,2025-05-06 14:44:32,5,2025-05-06,BOA,Google Play
Kidus Yohannes,good,2025-05-02 18:50:25,5,2025-05-02,BOA,Google Play
Cherie,good,2025-04-30 08:23:56,4,2025-04-30,BOA,Google Play
Amare Tilahun,good,2025-04-30 07:34:17,4,2025-04-30,BOA,Google Play
Kalid Kalid,wow,2025-04-28 14:51:26,5,2025-04-28,BOA,Google Play
Parish Duop,it's really good üëç,2025-04-23 16:44:14,5,2025-04-23,BOA,Google Play
Natina'el Taye,Bad app . it stuck when you open and noting WORKS.,2025-04-23 11:16:20,1,2025-04-23,BOA,Google Play
Nahom Abebe,"the app isn't working after it asked me the password it starts loading, but it doesn't open",2025-04-20 18:05:21,3,2025-04-20,BOA,Google Play
Wase Kedir,Best,2025-04-19 15:38:02,2,2025-04-19,BOA,Google Play
Abel Hubena,It keeps showing this pop up to turn off developer options even tho it's off! I had to turn on and then off to make it work! This is a horrible experience and needs a fix asap! Plus kinda slow.,2025-04-19 04:15:54,1,2025-04-19,BOA,Google Play
Mule Negte,yideg,2025-04-17 21:18:40,1,2025-04-17,BOA,Google Play
Shimelis Keterew,·ä†·ã≠·ä®·çç·âµ·àù ·ä•·äÆ,2025-04-17 07:12:16,1,2025-04-17,BOA,Google Play
Amanuel fitiwi,great boa,2025-04-10 11:33:26,5,2025-04-10,BOA,Google Play
Tesfaye Tegegne,Best,2025-04-10 08:53:01,5,2025-04-10,BOA,Google Play
Tsegaye,boa of mobile backing,2025-04-09 11:32:34,5,2025-04-09,BOA,Google Play
Mezemir Haset,nice,2025-04-09 01:01:08,5,2025-04-09,BOA,Google Play
Joni Eden,faster bank of Abissinya,2025-04-08 13:36:23,5,2025-04-08,BOA,Google Play
Yared Getachew,i would have given it a lower if it was possible because it crush so much and it take the bank so long to fix the bug,2025-04-08 07:12:19,1,2025-04-08,BOA,Google Play
Bezawit Wondmagegne,it just doesn't work...so frustrating,2025-04-07 15:04:17,1,2025-04-07,BOA,Google Play
Estifanos Afework,like,2025-04-06 19:17:21,5,2025-04-06,BOA,Google Play
Teddy and Fli,it's not work correctly... you must have update it,2025-04-06 08:01:42,1,2025-04-06,BOA,Google Play
Esubalew Yismaw,"the app gets a considerable improvements like language , QR scanner and unlimited transfers survice. but BOA Please do alot on its fastness and convenient when we login and making a transactions.",2025-04-04 19:57:29,5,2025-04-04,BOA,Google Play
yonas gebre,after i typed in my password it says successfully logged out ...and goes back to the first page,2025-04-04 09:38:08,2,2025-04-04,BOA,Google Play
Nati Kasahun,good but they don't update enough don't add new things,2025-04-04 09:24:06,3,2025-04-04,BOA,Google Play
John,very good,2025-04-03 05:50:56,5,2025-04-03,BOA,Google Play
Raiis Rashaad,thank you,2025-04-02 00:33:00,5,2025-04-02,BOA,Google Play
Abel Getachew,it doesn't work period z slowest mobile banking ever i would rather use *815#,2025-03-31 21:27:34,1,2025-03-31,BOA,Google Play
Hone Boy,"after activated the application it not allowed to sign , automatically it is turn off In my phone, why ?",2025-03-31 20:55:06,1,2025-03-31,BOA,Google Play
Aklilu Keshura,good application,2025-03-30 18:56:40,5,2025-03-30,BOA,Google Play
Yohannes Assefa,this version is not working for me I cannot even buy card. I cannot send money,2025-03-30 12:27:26,1,2025-03-30,BOA,Google Play
Nahom Tesfamikael,"It can't actively on initialization, it says incorrect OTP getting the exact OTP",2025-03-29 11:29:38,1,2025-03-29,BOA,Google Play
Michele Graffi,always problematic hardly works,2025-03-26 10:28:25,1,2025-03-26,BOA,Google Play
Anteneh Mesfin,considering the fact the bank is huge this app really bad you could do better,2025-03-25 15:33:59,1,2025-03-25,BOA,Google Play
Agwes Agwes,best app,2025-03-25 10:15:12,5,2025-03-25,BOA,Google Play
Sisey Tesema,very good,2025-03-25 09:56:42,5,2025-03-25,BOA,Google Play
Monte Qamer,"worst app and Bank ever u be ashamed, scammer",2025-03-24 14:00:42,1,2025-03-24,BOA,Google Play
Cadaawe Xuseen,great BoA,2025-03-22 09:46:56,5,2025-03-22,BOA,Google Play
Aklays embay,best,2025-03-21 09:32:05,5,2025-03-21,BOA,Google Play
Rakeb Mulugeta,i have went to the bank so many times because i couldn't make any transaction i can only see my balance nothing else so what is the point of having mobile banking if i can't make any transaction with it please work in that,2025-03-21 07:49:11,1,2025-03-21,BOA,Google Play
Muhammad Hamed,good,2025-03-21 03:06:10,5,2025-03-21,BOA,Google Play
Miky Mal,good,2025-03-19 18:15:38,5,2025-03-19,BOA,Google Play
Mickey Justin,there is no speed,2025-03-19 16:12:01,1,2025-03-19,BOA,Google Play
Noah Daniel,"For anyone who wants to download it, just don't!!!",2025-03-19 13:02:57,1,2025-03-19,BOA,Google Play
Ararsa Dabale,wonderful,2025-03-19 10:58:10,5,2025-03-19,BOA,Google Play
Usman Umer,all worck,2025-03-19 09:55:57,5,2025-03-19,BOA,Google Play
Kassahun Asres Yimer,Best app,2025-03-16 22:23:13,5,2025-03-16,BOA,Google Play
Muluken Sewunet,Loved it,2025-03-14 14:57:04,5,2025-03-14,BOA,Google Play
Abdu Mille,Wow,2025-03-14 00:37:53,1,2025-03-14,BOA,Google Play
Betanoise Shi,"Edit: New bug, app not letting me type in my otp codes. Shameful Why does this app not allow me to use it while having developer options on? Did y'all consider that I might, perhaps, be an actual developer? Why am I expected to toggle the option on and off just to bank (restarting my phone when I do)? Why is the message labled as somthing that will ""smoothen"" the experience? This is like the most ""security consultant"" thing to implement in an app. Please invest in actual security, not this mess.",2025-03-12 19:41:25,1,2025-03-12,BOA,Google Play
Fanuel Gebremedhn,Improved to be the best,2025-03-11 09:32:31,5,2025-03-11,BOA,Google Play
Merkeb Bonitua,BoA,2025-03-11 07:51:57,5,2025-03-11,BOA,Google Play
Nati Man,"Decent, but there problems sometimes it says error When i transfer money but infact it transferred because of this bug i transferred 2 times instead of 1 and also we can't transfer money to others telebirr acc we only can to our self BOE Dev fix this !!!",2025-03-11 06:22:01,3,2025-03-11,BOA,Google Play
DAMTE BIRU,BoA Greqt Ethiopian bank.,2025-03-11 05:31:05,5,2025-03-11,BOA,Google Play
Bamlak Sintayehu,"The bug is still there,the app crashes every time i try to log in, especially in old phones like my Galaxy A32",2025-03-10 17:11:15,1,2025-03-10,BOA,Google Play
Biruh Alemayehu,Almost better compared to cbe where it is not qualified for,2025-03-09 08:50:02,4,2025-03-09,BOA,Google Play
Teddy Abayneh,what awesome apps. it is very simple to use and more much important apps.,2025-03-09 08:34:30,5,2025-03-09,BOA,Google Play
abrar yasin,Wonderfull app,2025-03-08 07:23:26,5,2025-03-08,BOA,Google Play
Djejaydh Sj4ydudg,i can't use this app why?,2025-03-07 11:28:00,5,2025-03-07,BOA,Google Play
Abel Tesfaye,Worst mobile banking app I ever experienced I was blaming other apps but comparing with this they're too much better!!!! It clashes it takes much longer time to login while loading in short it's a complete of trash,2025-03-06 19:44:28,1,2025-03-06,BOA,Google Play
Demlash Demlash,Wow,2025-03-05 18:58:05,4,2025-03-05,BOA,Google Play
Tarik Teshome,bro the worst app made by human kind!! as a software engineer it make me so sad seeing enterprise as big as BOA make apps like this. it is a disgrace for our country!!,2025-03-05 12:03:56,1,2025-03-05,BOA,Google Play
GENENE NUSI,AGA B Girja Miss language of admin Afaan oromo & other Itoophiyaa languages,2025-03-04 17:03:40,1,2025-03-04,BOA,Google Play
·¥Ä ô·¥Ö·¥ú s·¥á…™·¥Ö ·¥Ä ü…™,Good app,2025-03-03 13:47:22,5,2025-03-03,BOA,Google Play
Cyber boy,"I downloaded the app for the first time while reading other customers reviews and as soon as i installed and opened the app it closes back automatically, what unserious bank, now i uninstalled the app immediately",2025-03-03 06:24:29,1,2025-03-03,BOA,Google Play
Merkeb,It has good features but sometimes it doesn't work...0,2025-03-02 14:02:17,1,2025-03-02,BOA,Google Play
Mahlet Fassil,Very poor proformance,2025-03-01 20:02:44,1,2025-03-01,BOA,Google Play
Wedi 20,It's not opening. Really frustrating,2025-03-01 14:18:34,1,2025-03-01,BOA,Google Play
Diriba Desu,Verry Amazing App from all IB,2025-03-01 08:35:08,5,2025-03-01,BOA,Google Play
Zenebe Abebe,Not working on this days,2025-02-26 10:29:28,1,2025-02-26,BOA,Google Play
fitsum tesfaye,Thank you BoA,2025-02-23 08:06:47,5,2025-02-23,BOA,Google Play
Eshetu Amsal,best banking app in the wworld,2025-02-22 16:58:17,5,2025-02-22,BOA,Google Play
Yebelay Getnet,Nice app and it's easy to use,2025-02-21 09:41:42,5,2025-02-21,BOA,Google Play
miki,"please add language in the apps setting(amharic afan oromo, tigniya,and others) sometimes bank to bank transfer is not available through time and even if if it is available not reachable‚Ä¶it is serious issue!",2025-02-15 15:15:50,1,2025-02-15,BOA,Google Play
Teshome Tesheberetu,This is help full i like ittttt,2025-02-14 18:09:06,5,2025-02-14,BOA,Google Play
Fisseha Legese,The is not functional at all?,2025-02-12 08:31:48,2,2025-02-12,BOA,Google Play
Huzeyfa Jemal,Best bank,2025-02-08 08:08:52,5,2025-02-08,BOA,Google Play
Zola Man,Make it easy and convienient to use and perfect for all to high prefrence and choice.,2025-02-07 06:28:37,3,2025-02-07,BOA,Google Play
Adon ‚ÄúAdonaray‚Äù Araya,good,2025-02-05 04:32:27,5,2025-02-05,BOA,Google Play
Nati,üá™üáπüá™üáπüá™üáπüá™üáπüá™üáπüá™üáπüëçüëçüëçüëçüëçüëçüëç,2025-02-04 05:48:51,5,2025-02-04,BOA,Google Play
Haben Hailemariam,I have been using this app for two years.It is amazing.,2025-01-31 21:18:26,5,2025-01-31,BOA,Google Play
Adama Adama,Good üëç,2025-01-31 14:46:28,5,2025-01-31,BOA,Google Play
Feysel Muktar,Sad experience,2025-01-30 17:27:28,1,2025-01-30,BOA,Google Play
Mesfin Wegayehu,Always do update and that is annoying,2025-01-27 06:11:12,3,2025-01-27,BOA,Google Play
Bekure Abate,"Best app, somehow waiting a few minutes",2025-01-23 13:02:28,5,2025-01-23,BOA,Google Play
Mohammed Duri,I can't dijitalize my atm in the apollo app on my phone,2025-01-22 03:05:22,1,2025-01-22,BOA,Google Play
Chol Kur,Whenever I try to sign in app close please fixed it out,2025-01-21 16:34:22,2,2025-01-21,BOA,Google Play
Segni Tufa,Beter,2025-01-21 09:47:47,5,2025-01-21,BOA,Google Play
Abeba Berha,Boa,2025-01-18 13:17:34,4,2025-01-18,BOA,Google Play
Yitbarek Misganaw,·â†·å£·àù ·ã®·àö·ã´·àµ·å†·àã ·ä†·çï ·â†·å£·àù ·ã®·ãà·à®·ã∞ ·ãú·àÆ ·äê·ãç ·ã®·àù·à∞·å†·ãç ·ãò·àÆ It's not App it's very slow ehhhh. Why don't you upgrade the app???? It's always zero,2025-01-18 10:33:28,1,2025-01-18,BOA,Google Play
Adan Axmed sh Barkhadle,Aadan Axmed Barkhadle,2025-01-17 16:23:05,5,2025-01-17,BOA,Google Play
Ashenafi Tamene,üò°üò°üò°ü§¨ü§¨ü§¨,2025-01-16 09:46:26,1,2025-01-16,BOA,Google Play
Milkyas theodros,Horrible customer service and app crashes Horrible!!,2025-01-15 10:24:17,1,2025-01-15,BOA,Google Play
Yishak Wondafrash,I love it,2025-01-14 08:17:47,5,2025-01-14,BOA,Google Play
Metalgn N,Best,2025-01-14 08:14:00,5,2025-01-14,BOA,Google Play
Abdisa BirUK,It keeps asking me to turn off developer mode even when dev mode is off. Couldn't use it.,2025-01-13 12:45:23,1,2025-01-13,BOA,Google Play
Mesay Abdi,Goodüôè,2025-01-11 23:27:14,5,2025-01-11,BOA,Google Play
No Bad,Like to much,2025-01-11 07:43:49,5,2025-01-11,BOA,Google Play
Osman Ahmed,Thank you,2025-01-10 16:24:54,5,2025-01-10,BOA,Google Play
alehamdu bedeu,Perfect,2025-01-09 16:02:07,5,2025-01-09,BOA,Google Play
Daniel Tilahun,The best of best,2025-01-09 12:57:55,5,2025-01-09,BOA,Google Play
Abbuu Ko,I was using this app for long time it amazing user friendly UI but the i can't found for get pin button in the app,2025-01-07 09:26:17,3,2025-01-07,BOA,Google Play
Workneh tadesse Worta,Boa,2025-01-06 05:43:09,5,2025-01-06,BOA,Google Play
Alias 05,Great üëç,2025-01-04 13:59:09,5,2025-01-04,BOA,Google Play
Ze Robel,Fast and suitable for the customers.,2025-01-04 05:16:44,5,2025-01-04,BOA,Google Play
Fekadu Abera,Good üëç,2025-01-03 17:59:49,5,2025-01-03,BOA,Google Play
Samrawit Nekatibeb,Good app and helpful,2025-01-03 12:51:42,5,2025-01-03,BOA,Google Play
abebe mekasha,"I will give only one star, because it faced with multiple of problems. 1. The app is not as fast as the other banks App, for e.g like CBE 2. The App asks repeatedly to switch off developer options, even if it is switched off. 3. Bank of Abyssinia's services are interesting, but they ignored the issues on the App service. 4. Most customers gave a complain on the App, but no one accept their complain to fix the issue. 5. Lastly, I will not recommend the App unless the issue has been solved ASAP!!",2025-01-03 04:56:58,1,2025-01-03,BOA,Google Play
Sisay Tesfa,By assessing this you can tell Abyssinia bank has no idea what mobile banking is ?,2025-01-02 12:31:28,1,2025-01-02,BOA,Google Play
Amaha Teklay,It doesn't work at all.,2025-01-02 10:24:09,2,2025-01-02,BOA,Google Play
Ismael Abdella,this app is not available,2025-01-02 05:46:51,1,2025-01-02,BOA,Google Play
sofonyas eyob,Best,2025-01-01 16:59:05,5,2025-01-01,BOA,Google Play
Haa Maya,Wow what amazing,2024-12-30 18:45:24,5,2024-12-30,BOA,Google Play
Meswani Meswani,love it,2024-12-30 16:30:43,5,2024-12-30,BOA,Google Play
Hasen Teherku,·â†·å£·àù ·àò·àª·àª·àç ·ä†·àà·â†·âµ....... ·àà ·â£·äï·ä© ·àõ·ã≠·àò·å•·äï ·àò·â∞·åç·â†·à≠·ã´ ·äê·ãç ::,2024-12-30 13:08:06,2,2024-12-30,BOA,Google Play
Abdul Hakim,Lemn embi yilal??,2024-12-30 13:01:11,5,2024-12-30,BOA,Google Play
Dagim Derebe,Good,2024-12-30 10:20:13,5,2024-12-30,BOA,Google Play
Mahi,It's useless app downgraded.,2024-12-29 10:19:05,1,2024-12-29,BOA,Google Play
Abemelek Fasika,Why is not letting me access my account. The whole point of this app is for me to gey access to my account without physically being at the bank. I would give it a zero but a one will suffice to get my point accross.,2024-12-27 10:28:26,1,2024-12-27,BOA,Google Play
·ä†·àô·à´ Amura tube,Nice,2024-12-26 16:09:33,5,2024-12-26,BOA,Google Play
Yisehak Tesfaye,When are you going to get rid of this and have a real app that works? By far the worst mobile banking app.,2024-12-24 03:27:54,1,2024-12-24,BOA,Google Play
Lemuk,·ä†·ã≠·à∞·à´·àù ·àº·àù ·äê·ãç·ç§,2024-12-23 14:03:45,1,2024-12-23,BOA,Google Play
Mohammedsaid Mohammedsaid,Not that much bad,2024-12-22 08:12:44,3,2024-12-22,BOA,Google Play
jemu Moha,Fine,2024-12-20 23:16:46,5,2024-12-20,BOA,Google Play
Habtamu Mekonnen,The dirtiest application ever seen...,2024-12-20 16:09:23,1,2024-12-20,BOA,Google Play
Teddy Aweke,Nic ap,2024-12-19 17:08:34,5,2024-12-19,BOA,Google Play
Mengstu asefa Shiferaw,The forest app ever,2024-12-19 08:07:06,1,2024-12-19,BOA,Google Play
Hamon,"I love BoA more than anyone but they are cursed when it comed to mobile banking. Even though this ine is hetter it still s*cks! It will ask me to turn off developer options other wise it won't work! I use CBE, Awash birr, tekebirr, Dashen bank and others but non of them asked me this, why only BoA? Please improve your mobile banking, be competitive!",2024-12-19 03:02:34,1,2024-12-19,BOA,Google Play
Muse Naykin,Bank of abissena,2024-12-17 18:21:09,1,2024-12-17,BOA,Google Play
Abiyou Getachew,Good,2024-12-16 16:29:33,3,2024-12-16,BOA,Google Play
Natnael Zelalem,"Easy and sooo simple to use it, also its easy to stole someones money using the app",2024-12-16 10:02:26,3,2024-12-16,BOA,Google Play
Yabu 12,GOOD,2024-12-14 22:02:24,5,2024-12-14,BOA,Google Play
Kaleab Leyessa,The worst banking app ever. Never works!,2024-12-14 05:45:35,1,2024-12-14,BOA,Google Play
biruk mulugeta,Poorly functioning app,2024-12-13 09:55:02,3,2024-12-13,BOA,Google Play
ŸÖÿπÿ™ÿµŸÖ ÿ®ŸÜ Ÿäÿ≠Ÿä,Very nice,2024-12-13 07:57:24,5,2024-12-13,BOA,Google Play
Aman Abebe,Your system is the worst you should do betterüò°üò°üò°üò°üò°üò°,2024-12-11 03:08:14,2,2024-12-11,BOA,Google Play
Matias Kebede,It has been a while since you guys started giving the mobile app service but still couldn't get it to work. I'm sure you know that it doesn't work already but not sure if you're lazy or incompetent to fix it. You are losing business because of this. Complacency will have consequences.,2024-12-10 06:43:57,1,2024-12-10,BOA,Google Play
Siem Kibrom,"This is the best app; many features are awesome, but it should work without the need to turn off the developer options. I'm tired of having to constantly switch the developer options off and on. I've been expressing my struggles about this. I have precious settings enabled in the developer options, and to open the App Boa app, I have to turn them off. Please help us, Abyssinia Bank. I hope you can provide an update soon.",2024-12-08 20:16:05,4,2024-12-08,BOA,Google Play
Surafel,"I‚Äôm giving this app one star because there are no options below that. My experience has been incredibly frustrating due to the extremely long loading times, and the app even closes automatically at times. People choose mobile banking for its convenience, but this app is far too time-consuming, making it the worst I‚Äôve used. I hope improvements are made to enhance the user experience.",2024-12-07 19:40:19,1,2024-12-07,BOA,Google Play
Lina Yonas,Nice,2024-12-07 15:00:27,5,2024-12-07,BOA,Google Play
Emmanuael Asrat,Very unprofessional and mischievous bank in my opinion. I have had several occasions but recently I used Abyssinia Card to withdraw money and it was deducted from my account but despite reporting several times they said they are processing it but I learned yesterday that since it has been 3 months the bank has decided to include it in their income. How absurd. If you can avoid this bank.,2024-12-06 14:19:23,1,2024-12-06,BOA,Google Play
Haile Znabu,It doesn't work on my 2 devices A05 and A34 üò°,2024-12-02 18:19:07,1,2024-12-02,BOA,Google Play
Behailu Kebede,It's better to say I don't use boa rather than pulling your phone out and opening this app,2024-12-01 11:52:25,1,2024-12-01,BOA,Google Play
Chuol Deng mayian,My attention is very important because it will be the most difficult time for me,2024-11-30 17:23:48,5,2024-11-30,BOA,Google Play
Abraham Assefa,"I have a worst experience while using this mobile application through out the year. Most of the time it fails to ""Login"" or automatically closed the app. And also it takes so much loading time (5 minutes +) trying to access the internal services. Sometimes also while transferring within and to other bank also fails. So, BOA please fix your app.",2024-11-29 03:40:35,1,2024-11-29,BOA,Google Play
Ephi T,I don't know why but your apps start out great then all of a sudden don't workü§∑‚Äç‚ôÄÔ∏è,2024-11-28 08:44:51,1,2024-11-28,BOA,Google Play
Hildana Endale,This application is losing major factions on a daily basis. I can count how many times I have used this app; it is completely useless and disappointing if I am not going to use it in times of need then I don't see the point.,2024-11-28 07:17:48,1,2024-11-28,BOA,Google Play
Asefa Bekele,exellent digital transaction of money,2024-11-26 21:10:14,5,2024-11-26,BOA,Google Play
Khalid Ahmed,The latest update has stopped android 9 phones not to open this App. Never work properly since i started using it.,2024-11-26 12:05:22,1,2024-11-26,BOA,Google Play
Berhan Nurleigzer,Best,2024-11-25 16:10:50,5,2024-11-25,BOA,Google Play
BOLE AIRPORT Migration,Great,2024-11-25 14:26:59,5,2024-11-25,BOA,Google Play
Abraham Kinfegebreal,üëèüëèüëè,2024-11-24 18:31:39,5,2024-11-24,BOA,Google Play
Kalid Muhammad,Money,2024-11-24 07:31:41,5,2024-11-24,BOA,Google Play
Sadik Murad,It needs more improvment,2024-11-24 06:17:29,2,2024-11-24,BOA,Google Play
Moges Tadesse,Hey Google,2024-11-21 19:51:14,5,2024-11-21,BOA,Google Play
Woldetsadik Melese,Good app,2024-11-21 14:40:34,5,2024-11-21,BOA,Google Play
Rejeb Abdshkur,ab,2024-11-20 19:26:08,3,2024-11-20,BOA,Google Play
adem tahir,Ademtahir,2024-11-20 10:41:49,5,2024-11-20,BOA,Google Play
Biruk Tadesse,‚úåÔ∏è‚úåÔ∏è,2024-11-20 09:25:55,5,2024-11-20,BOA,Google Play
Miky Lyrics Orthodox,Please this app on my android phone,2024-11-20 06:25:05,3,2024-11-20,BOA,Google Play
Est,GOAT üêê üêê,2024-11-19 13:48:41,5,2024-11-19,BOA,Google Play
Henok Abebe,"Your app doesn't match your bank, the app is disaster, super slow. Please learn something from tele birr app.",2024-11-19 11:12:49,1,2024-11-19,BOA,Google Play
Geremew Girma,Fast and reliable,2024-11-18 15:58:47,5,2024-11-18,BOA,Google Play
Daniel Berhanu,"The worst app update ever. Why would you include the ""developer option off"" thing here? Why do you care? It is my phone my money, right? That is the reason why I switched to other banks. So either turn it off or everyone will discontinue their business one by one.",2024-11-17 19:11:45,1,2024-11-17,BOA,Google Play
Nah Om,Very good,2024-11-14 12:52:39,5,2024-11-14,BOA,Google Play
abay,One of the poorest mobile banking system,2024-11-13 10:35:40,1,2024-11-13,BOA,Google Play
Yohannes Demerew,‚ù§‚ù§‚ù§‚ù§‚ù§‚ù§,2024-11-12 18:39:07,5,2024-11-12,BOA,Google Play
Zelalem Bayh,Oene,2024-11-12 14:20:14,5,2024-11-12,BOA,Google Play
legese sis,i find it interesting specially in reciept downloading,2024-11-12 13:43:41,1,2024-11-12,BOA,Google Play
Feven Tekle,it good,2024-11-12 12:50:38,5,2024-11-12,BOA,Google Play
Yoseph Seyoum,"This app crashes everytime, please fix it",2024-11-12 12:08:59,1,2024-11-12,BOA,Google Play
Habib Seid Mohammed,·ä†·äï·ãµ star ·à´·à± ·ã≠·â†·ãõ·â†·â≥·àç·ç¢ i dont recomend to use this app also the bank,2024-11-12 10:55:52,1,2024-11-12,BOA,Google Play
Habtu Teum Ayele,I need a support the app is not working,2024-11-12 10:10:33,5,2024-11-12,BOA,Google Play
tadiya Fantahun,Bast bank of ethiopia,2024-11-12 10:01:11,5,2024-11-12,BOA,Google Play
henok john,Good,2024-11-12 09:45:45,5,2024-11-12,BOA,Google Play
ORBIT CONSULTANCY,very slow app. ·ä†·â¢·à≤·äí·ã´·äï ·ä®·àö·ã´·ä≠·àç ·â£·äï·ä≠ ·ã®·àõ·ã≠·å†·â†·âÖ software app. ·ä®·âª·àã·âΩ·àÅ ·àô·àâ ·àà·àô·àâ ·ä•·äï·ã∞·åà·äì ·ä†·à∞·à©·âµ·ç¢·â†·å£·àù ·ã≠·àò·à´·ã´·àç ·ã´·à≥·çç·à´·àç·ç¢·ààapp ·ã®·ãà·å£·ãç ·ãà·å≠ ·â†·àô·àµ·äì ·ã®·â∞·â†·àã ·äê·ãç ·ã®·àö·àò·àµ·àà·ãç·ç¢,2024-11-12 09:15:50,1,2024-11-12,BOA,Google Play
Jabessa Badasa,"thank you for your social services like, vertual banking, non touch ATM, Cadrless and withdrwal with out passbook...",2024-11-12 09:13:20,5,2024-11-12,BOA,Google Play
Nahom Ahmed,The worst App i have never seen like this before,2024-11-12 08:48:40,1,2024-11-12,BOA,Google Play
Kiebron Yemane,Wweeeer,2024-11-12 07:21:44,4,2024-11-12,BOA,Google Play
Aklilu Shwalem,Infinx,2024-11-12 06:52:38,5,2024-11-12,BOA,Google Play
amanuel temesgen,Great service,2024-11-12 04:17:47,5,2024-11-12,BOA,Google Play
abebe melese,üëç,2024-11-11 10:59:32,5,2024-11-11,BOA,Google Play
Haftom Kelemewerk,This app is not available on all android versions and some times it is not functional.,2024-11-08 11:41:15,1,2024-11-08,BOA,Google Play
Henok Abrhame,senayt Mesfin,2024-11-08 11:13:42,4,2024-11-08,BOA,Google Play
Lika Lika,Bad app vety bad.,2024-11-07 04:21:50,1,2024-11-07,BOA,Google Play
Mudin mudin,Nice,2024-11-06 14:24:50,5,2024-11-06,BOA,Google Play
Aschalew W/yohnse,Abessnya Banke,2024-11-05 12:05:11,5,2024-11-05,BOA,Google Play
Amanuel HabteMARIAM Asfaw,"The most useless app, I never expected such an irrelevant app from BOA. big shame!",2024-11-04 08:45:20,1,2024-11-04,BOA,Google Play
Abdii B,Okay,2024-11-03 16:25:36,5,2024-11-03,BOA,Google Play
Ermias Wolde,Professional on banking app,2024-11-01 13:08:51,5,2024-11-01,BOA,Google Play
bk love,Has some nice interface but always freezes or slow to load .App developers please fix this issue.,2024-10-27 20:37:31,3,2024-10-27,BOA,Google Play
Alexander Abebe,·ä†·ã≠·à∞·à´·àù ·ä†·àµ·â∞·ä´·ä≠·àâ·âµ,2024-10-26 14:13:59,5,2024-10-26,BOA,Google Play
Tigist Tg,Please try another because this app doesn't feet the need of this generation,2024-10-25 19:17:13,1,2024-10-25,BOA,Google Play
Negash Bekele,Good,2024-10-25 14:40:10,4,2024-10-25,BOA,Google Play
tekalign ermajo,Fast transfer,2024-10-24 08:51:40,5,2024-10-24,BOA,Google Play
Yordanos Yigzaw,"What's up I can't log in, what's wrong",2024-10-22 02:57:44,5,2024-10-22,BOA,Google Play
Ameru Mehamed,Amrumehamed,2024-10-21 13:43:38,1,2024-10-21,BOA,Google Play
Halefom Kahsay,Good,2024-10-19 13:42:22,5,2024-10-19,BOA,Google Play
Abraham Moges,"Nice to meet you my proud bank in Ethiopia.. I'm a member of this bank, i need to solve my problem of international receiving money for me from my online digital working service's over the world please? I'm working a lot of international money.But i can't get direct in Ethiopia because of don't knowing the legal ways of getting money in Ethiopia please can I get and direct deposit with BoA please üôèüôèüôè?",2024-10-18 18:22:15,5,2024-10-18,BOA,Google Play
Samson zekarias,Very good,2024-10-18 14:02:55,5,2024-10-18,BOA,Google Play
Jemalkedir Jemalkedir,·ã∞·ã∞·åà·äê·àê,2024-10-15 07:27:29,5,2024-10-15,BOA,Google Play
Mohamed Jamee,"Terrible Bank Experience It‚Äôs unbelievable that with all the modern technology, this bank still struggles with even basic transactions. The app constantly crashes, services are limited, and every time I try to transfer money or load Telebirr, there‚Äôs a huge delay. I have to wait 5 days for failed transactions to be refunded! Even USSD is unreliable. They‚Äôve put me in embarrassing situations countless times, and customer care never fixes anything. I‚Äôve switched banks, and you should too!",2024-10-14 05:06:39,1,2024-10-14,BOA,Google Play
Mintesinot Desalegn,A painfully slow banking app service. Please don't make it your choice!,2024-10-13 06:08:25,1,2024-10-13,BOA,Google Play
Mehdi Dersie (·àò·ä∏·ã≤),Good App,2024-10-12 14:04:14,4,2024-10-12,BOA,Google Play
Abdu Ahme,Best app to me,2024-10-11 18:16:21,5,2024-10-11,BOA,Google Play
abdulmejid emam Mohammed,BOA,2024-10-11 13:31:58,5,2024-10-11,BOA,Google Play
Abdulkadirsulti Kedir,Abdulkadir,2024-10-11 06:28:56,5,2024-10-11,BOA,Google Play
Fikirte Atinafseged,Bad,2024-10-10 12:17:31,1,2024-10-10,BOA,Google Play
Feven Mekael,If it is possible I would gove0 star,2024-10-08 13:20:37,1,2024-10-08,BOA,Google Play
Wendwesn Seifu,Nise mobile bankig,2024-10-05 12:39:26,4,2024-10-05,BOA,Google Play
neo,Overall good app but performance needs some improvement also sometimes when using instant other bank transfers it refuses causing to be repeated several times to transfer,2024-10-04 20:34:24,4,2024-10-04,BOA,Google Play
John Abadi,Ok,2024-10-04 14:20:43,5,2024-10-04,BOA,Google Play
basi s,Just make it work pleaseü§£ this is embarrassing for a bank of your size,2024-10-04 08:23:06,1,2024-10-04,BOA,Google Play
Habtamu Tolla,Update to the simplest way it requires the developer option on and off why this is,2024-10-04 06:18:27,5,2024-10-04,BOA,Google Play
Eyuel Hailu,"Stop telling me what to do with my phone, BOA. Why does your newly updated app keep asking me to disable the developer options? I‚Äôm not slowing down my phone just to use your God damn app. ü§Æü§Æü§Æü§Æ",2024-10-04 02:55:49,1,2024-10-04,BOA,Google Play
Pastor Yirdaw Tessema,I'm living out of country how may I download and use mobile banking? It asks me the Ethiopia phone number and I can't receive text to confirm because I'm out side the country. So please lete know if I can use while I'm outside the country. Thanks,2024-10-04 02:30:33,1,2024-10-04,BOA,Google Play
Nigussie Beresa,Good,2024-10-03 15:17:09,3,2024-10-03,BOA,Google Play
Adu delu,Worest app,2024-10-03 09:57:35,1,2024-10-03,BOA,Google Play
Sen hit,The worest app ever,2024-10-03 09:54:58,1,2024-10-03,BOA,Google Play
Aman Abas,·ä†·à™·çç ·äê·ãç ·â†·à≠·â±·àç·äï,2024-10-02 22:53:27,5,2024-10-02,BOA,Google Play
Kuma Nasbu,Wwwerrr,2024-10-02 16:16:32,5,2024-10-02,BOA,Google Play
Jemal abdela Abdela,·åÄ·àõ·àç ·ãç·âÄ·â±,2024-09-30 13:46:53,5,2024-09-30,BOA,Google Play
Ayana Andualem,Great For Financial company,2024-09-30 06:13:34,5,2024-09-30,BOA,Google Play
Yamle Abiy,Very easy to use,2024-09-30 05:48:28,5,2024-09-30,BOA,Google Play
Anteneh Car Sale,The App's crash always.. Error.....,2024-09-27 13:25:54,3,2024-09-27,BOA,Google Play
Christopher Edward,This app is incredibly frustrating to use. It‚Äôs filled with issues that make it difficult to navigate and complete tasks efficiently. I‚Äôve never encountered such a poorly designed banking application before. It needs significant improvements to enhance user experience. It deserves a vey low rating.,2024-09-26 18:13:35,1,2024-09-26,BOA,Google Play
Fikadu Yirega,nice,2024-09-26 02:56:33,5,2024-09-26,BOA,Google Play
Ermiyas Tilahun,Great UI and seamless UX. I love it!!,2024-09-25 18:51:19,5,2024-09-25,BOA,Google Play
feriazr Assefar,That's too good application but try to add more alternatives and futures or possibilitys for your customers,2024-09-25 18:18:13,3,2024-09-25,BOA,Google Play
Alfo Nigussie,It's easy used to operate program and secured üëçüëç,2024-09-25 13:00:21,4,2024-09-25,BOA,Google Play
Amar Abdurezak,I bought a mobile card on this app but I didn't receive it and it took my money and I didn't get my money back.,2024-09-21 11:34:07,1,2024-09-21,BOA,Google Play
Abu Maher,Amazing,2024-09-19 09:07:21,5,2024-09-19,BOA,Google Play
Philemon Hailu,Great app with great services,2024-09-19 06:32:07,5,2024-09-19,BOA,Google Play
Mossa Yiha,Yes active user,2024-09-17 13:47:44,5,2024-09-17,BOA,Google Play
Bloom Freeman,Shameful,2024-09-17 13:26:12,1,2024-09-17,BOA,Google Play
Meseret Kebede,The worest app ever made i would not recommende for no one,2024-09-16 17:05:52,1,2024-09-16,BOA,Google Play
Gatluak Gatwech Both Mer,Good application,2024-09-16 15:08:14,5,2024-09-16,BOA,Google Play
Abdisa Benti,I like,2024-09-16 12:00:21,5,2024-09-16,BOA,Google Play
nahom dinku,Good,2024-09-16 10:15:56,5,2024-09-16,BOA,Google Play
Ermiyas Argaw,"How many hours should I wait after transferring money to telebirr, please do something about the transfer delay issue I need my money when ever.",2024-09-15 17:36:11,1,2024-09-15,BOA,Google Play
Yohannes Addisu,"BOA is unreasonably holding and delaying transactions for more than a day, even transactions within the same bank itself. This is a huge gap that I observed in BOA mobile banking. I didn't experience this kind of challenge while having transactions in other banks' mobile banking platforms. After waiting so long, I called your customer support team and the response they gave me was ""it was the system that holds the transaction & will be released on working days"". This is not totally fair.",2024-09-15 05:59:12,1,2024-09-15,BOA,Google Play
Fasika alemenew Tades,·ã®·ä•·à≠·àµ·ãé·äï ·â∞·àû·ä≠·àÆ ·ã≠·åç·àà·åπ (·ä†·àõ·à´·å≠),2024-09-14 13:37:34,5,2024-09-14,BOA,Google Play
Esubalew 7822,It's not working. It needs a big update. Can't you update the app quickly?,2024-09-14 12:09:31,1,2024-09-14,BOA,Google Play
JOEL AIMOHON (AimohonJoel),"I am Aimohon Joel , It's can be Good for a Better Conversation in Time üôÇ",2024-09-13 23:48:46,3,2024-09-13,BOA,Google Play
Biruk Ephrem,"Better app than most mobile apps, but why do I have to turn off developer option every time I wanna use the app?? It's annoying.",2024-09-13 18:50:22,1,2024-09-13,BOA,Google Play
minase ayza,Bes and freindly app,2024-09-13 04:47:02,5,2024-09-13,BOA,Google Play
Sailorforlife BESTTI,It doesn't work.,2024-09-12 09:20:37,1,2024-09-12,BOA,Google Play
Melkamu Gudeta,"It say ""The request was not successful. please check device connectivity or try again"" why? One of the bank manager told me it is because of my phone's android version which is 9.1 It is ridiculous! Disappointing",2024-09-11 19:39:38,1,2024-09-11,BOA,Google Play
Seyfedin Ali,How to download or screenshot of payment receipt...what kinda worst app ever ü§Æü§Æü§¢,2024-09-11 11:19:05,1,2024-09-11,BOA,Google Play
Pastor Misgana Fikadu,Good,2024-09-10 09:30:24,5,2024-09-10,BOA,Google Play
Zerihun Dacho Tura,Smart technology,2024-09-10 06:48:06,5,2024-09-10,BOA,Google Play
Lidu,Yegema app tishü™®,2024-09-08 05:53:43,1,2024-09-08,BOA,Google Play
Gabo Jabadhu,Ok,2024-09-07 15:12:32,5,2024-09-07,BOA,Google Play
Wurbie MJ Trading PLC,"This is not an appropriate app, i don't know how boa develops this app, i don't expect this much crazy and un confortable app form BOA, I'm soory!!!",2024-09-07 07:42:49,1,2024-09-07,BOA,Google Play
Gutu Bahiru,"Shockingly bad! Even when it decides to work, it's painfully slow and frustrating. Such a shame that it has become a stain on an extraordinary bank",2024-09-06 16:16:55,1,2024-09-06,BOA,Google Play
Ebenezer Daniel,"It crashes frequently. It launches on Android 8.1 but I don't think it actually works on versions less than 10. If so, it shouldn't be available for download by such devices to begin with, like many other finance apps are not. It was so much better three months ago, upgrades should be for the better.",2024-09-06 07:06:12,1,2024-09-06,BOA,Google Play
et spam,Awesome application. But lately its crashing everytime i opened it.,2024-09-05 20:48:22,4,2024-09-05,BOA,Google Play
Biruk Belay,·ä•·åÖ·àù ·â†·å£·àù ·ã∞·ä´·àõ ·ä†·çï ·äê·ãç ·à≤·çà·àç·åç ·ã≠·ä®·çç·â≥·àç ·à≤·çà·àç·åç ·ä†·ã≠·ä®·çç·âµ·àù ·ä®·ä†·ãã·àΩ ·ä•·äì ·äï·åç·ãµ ·â£·äï·ä≠ ·ã®·àò·à≥·à∞·àâ ·â£·äï·äÆ·âΩ ·à≤·ãà·ã≥·ã∞·à≠ ·àû·â£·ã≠·àç ·â£·äï·ä™·äï·åç App ·ä•·åÖ·åç ·ã®·àö·ã´·â†·à≥·å≠ ·äê·ãç ·àà·ãç·å• ·ã´·àµ·çà·àç·åã·âΩ·äã·àç,2024-09-05 17:52:21,1,2024-09-05,BOA,Google Play
Abdulhafiz,good,2024-09-05 05:22:58,5,2024-09-05,BOA,Google Play
Temesgen Asrat,Fast one,2024-09-04 19:10:02,3,2024-09-04,BOA,Google Play
nebil mohammed,Nice looking app but a terrible user experience.,2024-09-03 14:30:49,1,2024-09-03,BOA,Google Play
Bereket Mengistu,The worest MB app ever!!üôÑ,2024-09-02 11:13:33,1,2024-09-02,BOA,Google Play
temesgn ephream,Very good,2024-09-01 16:47:47,5,2024-09-01,BOA,Google Play
Teferi Haileluel,It is ok,2024-09-01 09:56:42,5,2024-09-01,BOA,Google Play
Adonay Kebede,Plz fix the Apps ....screenshot lovation hide from glarey share botten not worküòîüòî,2024-08-30 10:05:08,1,2024-08-30,BOA,Google Play
Nets Yad,Good,2024-08-30 10:01:27,5,2024-08-30,BOA,Google Play
Sahalu Seife,Apollo's,2024-08-29 19:26:11,1,2024-08-29,BOA,Google Play
Ezu Mudesir (Silence),The worst experience ever,2024-08-29 14:17:17,1,2024-08-29,BOA,Google Play
Hussen Ali Umar,Hussenaliumar,2024-08-29 09:35:33,5,2024-08-29,BOA,Google Play
Papa Wilson,Good,2024-08-28 13:14:12,3,2024-08-28,BOA,Google Play
Cakoma Soira,Hi I have problem with this App BOA mobile I don't know what is wrong with this App I did many times download but it's sam doesn't work if sam like that this app way I have to be customer with them how I know my account and checking save The book is no Not enough alone,2024-08-28 03:35:38,1,2024-08-28,BOA,Google Play
Yoseph Megebo,It is not work for my device,2024-08-27 15:21:28,5,2024-08-27,BOA,Google Play
Alazar Solomon,"I'm Sick and tiered of enabling and disabling Developer Option Everytime I use this app. maybe you know it maybe you dont, fix it please it's anoying",2024-08-26 11:15:02,1,2024-08-26,BOA,Google Play
Diborah Terefe,The worst app ever,2024-08-26 09:41:26,1,2024-08-26,BOA,Google Play
Dani Ayalw,Good,2024-08-26 09:03:09,5,2024-08-26,BOA,Google Play
Bitanya Gebre,Betanya Gebre,2024-08-23 18:29:23,3,2024-08-23,BOA,Google Play
Semere Berehe,I dont recommand it to any one,2024-08-23 08:05:36,1,2024-08-23,BOA,Google Play
Zawdnash sisay,Good,2024-08-22 06:00:42,5,2024-08-22,BOA,Google Play
ephrem habtamu,Excellent app,2024-08-21 10:20:16,5,2024-08-21,BOA,Google Play
Amanuel Abiy,"The application used to work well. But after updates I'm not able to use the forgot password feature, which is blocking me from accessing it as a whole.",2024-08-20 09:35:21,1,2024-08-20,BOA,Google Play
Abdulmenan Kenzu,·âµ·à≠·àÉ·àµ,2024-08-19 15:58:10,5,2024-08-19,BOA,Google Play
JIMI ‚ÄúJEMUSHIFA‚Äù jimi,Gio,2024-08-19 10:12:51,4,2024-08-19,BOA,Google Play
Jemal Sirmolo,App isn't working,2024-08-18 17:48:13,1,2024-08-18,BOA,Google Play
Getachew Tadesse,Best app,2024-08-18 17:19:44,5,2024-08-18,BOA,Google Play
Tesfaye Hulumyifer,so far good but always it lugs,2024-08-17 16:16:57,3,2024-08-17,BOA,Google Play
Tito Hailu,Don't trust this bank and its service.,2024-08-16 11:31:36,1,2024-08-16,BOA,Google Play
dereje tadesse haile,"I can not open and use the application,please help me!",2024-08-15 18:13:25,5,2024-08-15,BOA,Google Play
Natnael Kumlachew,Horrible,2024-08-14 19:31:06,1,2024-08-14,BOA,Google Play
Yonas Desalegn,Mostly not working üòë,2024-08-14 09:29:24,1,2024-08-14,BOA,Google Play
Tadese Amaha,Good,2024-08-13 17:26:12,5,2024-08-13,BOA,Google Play
Ifusha Let'sgo,Awesome üëå,2024-08-12 11:38:07,5,2024-08-12,BOA,Google Play
Haylemaryam Daget Tesfaye,"Despite the enhanced technology you have, the application doesn't work properly, and it asks for the developer option to be turned off, fix that.",2024-08-12 10:23:20,3,2024-08-12,BOA,Google Play
Bereket Kochito,Thank you,2024-08-12 08:06:19,3,2024-08-12,BOA,Google Play
zewde demsse,Very poor app b/c highly slow to open the app,2024-08-12 04:56:44,1,2024-08-12,BOA,Google Play
Sadam Mulugeta,Ok,2024-08-12 00:46:06,5,2024-08-12,BOA,Google Play
Abi 5252,best,2024-08-11 23:34:06,1,2024-08-11,BOA,Google Play
zelalem abera,Best app,2024-08-11 19:38:09,5,2024-08-11,BOA,Google Play
Letshtsgaye,Wedi Tekle .,2024-08-11 13:13:14,5,2024-08-11,BOA,Google Play
Heenok Mekuria,Bad appüì±üëéüëéüëé,2024-08-11 09:39:15,1,2024-08-11,BOA,Google Play
Dandi Terfasa,Dura nan fayyadaman ture amma garuu naaf hojjechaa hin jiru maaf?,2024-08-11 06:12:42,5,2024-08-11,BOA,Google Play
one More,Nice appp,2024-08-11 04:23:42,5,2024-08-11,BOA,Google Play
Yonas Worku,·à∞·àã·àù ·ä†·â¢·à≤·äí·ã´·ãé·âΩ ·ã®·àû·â£·ã≠·àç ·â£·äï·ä™·äï·åã·âΩ·àÅ ·â∞·å†·âÉ·àö ·äê·äù ·ä†·åà·àç·åç·àé·â±·äï ·àµ·àã·àµ·åÄ·àò·à´·âΩ·àÅ·àà·äï ·ä•·äì·àò·à∞·åç·äì·àà·äï·ç¢ ·äê·åà·à≠ ·åç·äï ·ä†·àà·çé ·ä†·àç·çé ·ã®·äê·â†·à®·ãç ·ã®·àõ·àµ·çà·äï·å†·à™·ã´·ãç ·â†·ä†·åç·â£·â° ·ä†·àà·àò·àµ·à´·âµ ·ä†·àç·çé ·ä†·àç·çé ·ãà·ã∞·àò·àµ·à´·âµ ·â∞·âÄ·ã≠·àØ·àç ·ãµ·àÆ ·ä•·äï·ã∞·äê·â†·à´·âΩ·àÅ ·ä•·äì·ãç·âÉ·àà·äï ·ãò·äï·ãµ·àÆ·àù ·â•·âµ·äñ·à©·àç·äï ·ä•·äï·àò·à≠·å£·àà·äï *·ä®·ãò·àò·äï ·ä†·äï·åâ·ã∞·àç*,2024-08-10 15:31:56,3,2024-08-10,BOA,Google Play
Abdiqaadir Mohamed Abdi Gurey,Gooood app my dear,2024-08-09 23:59:07,5,2024-08-09,BOA,Google Play
Harun Tamam,Harun tamam galanaa,2024-08-09 14:30:52,3,2024-08-09,BOA,Google Play
Iyou,"A total disaster of an app. Always offline, never works, it's embarassing. I've lost hope and taken my business to a competitor",2024-08-08 12:31:00,1,2024-08-08,BOA,Google Play
Kadija Kamal,Gamebela,2024-08-08 12:07:21,1,2024-08-08,BOA,Google Play
Sura Sura,so poor app to use can't start up when open the app,2024-08-08 07:48:54,1,2024-08-08,BOA,Google Play
Tefera Lingerew,"This app takes too long time to be opened. And even it is not working simply as other banks application. Why this app does not give a digital invoice. Even, I am not able to find where the screeshot is kept after transaction. So, please the developer should fix all these.",2024-08-07 13:34:52,1,2024-08-07,BOA,Google Play
Nardos bekele,Good job,2024-08-07 10:56:13,5,2024-08-07,BOA,Google Play
Abdi Asres,"Worst app ever, not user friendly, even doesn't serve basic functionality correctly, takes to much time to login and navigate through the app, we expected more from this bank",2024-08-07 10:03:34,1,2024-08-07,BOA,Google Play
Sened Ibrahim Sened,good,2024-08-07 08:50:31,3,2024-08-07,BOA,Google Play
Alazar Paulos,Good,2024-08-07 08:14:08,5,2024-08-07,BOA,Google Play
Mejid Mohammedsalih,Bad app .,2024-08-06 18:40:31,1,2024-08-06,BOA,Google Play
Nathnael Legesse,"I mean how could a big financial company like this, be this much irresponsible to release this app? You should be ashamed!",2024-08-06 15:12:53,1,2024-08-06,BOA,Google Play
Muktar Hasen Abdullahi,Review,2024-08-06 15:00:43,5,2024-08-06,BOA,Google Play
Abebayehu Tilahun,Goood,2024-08-06 13:21:08,4,2024-08-06,BOA,Google Play
tsegaye demissie,Ok,2024-08-06 12:33:00,5,2024-08-06,BOA,Google Play
Yared Mulat,üëéüëéüëéüëéüëéüëéüëéüëéüëé,2024-08-05 21:59:16,1,2024-08-05,BOA,Google Play
Dani Man,Is it necessary to switch off developer options every time to use mobile banking?ü§îü§îüò°üò°üò°,2024-08-04 10:53:44,1,2024-08-04,BOA,Google Play
kedre Abdela,The previous version is better it doesn't work,2024-08-04 06:16:27,1,2024-08-04,BOA,Google Play
Net3 MP,"I don't know what is wrong with BOA as a bank in general. It's been going backwards since last year or so. The app is a disaster to use in every possible way. Not stable to log in and very slow to perform transactions, couldn't take a screenshot (or can't even find the pictures even using its save screenshot option). Most of the time, it fails to perform transactions and so on. Simply, it's the worst!",2024-08-03 20:59:13,1,2024-08-03,BOA,Google Play
surafel girma,ok,2024-08-03 19:37:02,5,2024-08-03,BOA,Google Play
Fuad Yaya,Nice,2024-08-03 08:16:43,5,2024-08-03,BOA,Google Play
·äì·âµ·äì AEL,"Take some note from CBE mobile banking app, it's the best banking app currently take some note and improve ur app . Sometimes u have to learn from the bests üôå",2024-08-03 08:00:33,1,2024-08-03,BOA,Google Play
GASHAW SISAY,Great,2024-08-03 07:20:06,5,2024-08-03,BOA,Google Play
lulseged mam,It's a useless app,2024-08-02 06:54:12,1,2024-08-02,BOA,Google Play
Temesgen Alemayehu,"It's not working as it was , so much need to improve, it was the best but not anymore",2024-08-01 16:04:25,2,2024-08-01,BOA,Google Play
Esmael Seman,Poor network,2024-08-01 05:48:09,1,2024-08-01,BOA,Google Play
habtemariam biset,Not yet completely working this App. i don't know when is it will be working properly! Its Sad!!!,2024-07-31 20:20:53,1,2024-07-31,BOA,Google Play
Nahom,The app does not open sometimes it says coonection issue which i dont have and after it opens it has bugs while using its not smooth to work with please improve it,2024-07-31 12:03:12,1,2024-07-31,BOA,Google Play
Sabr Ali,"It's not working totally, what a useless app is it,",2024-07-31 10:54:39,1,2024-07-31,BOA,Google Play
Yidnekachew Kedir,"This app has become the most troubling every day. It doesn't work. I love the bank, and I hate the app",2024-07-31 06:01:07,1,2024-07-31,BOA,Google Play
SEMIR Ibrahim,this is so disappointing app üòû,2024-07-30 21:37:56,1,2024-07-30,BOA,Google Play
Zeyba Zikra,·ä†·â¢·àµ·äí·ã´ ·ã®·àÅ·àâ·àù ·àù·à≠·å´,2024-07-29 14:48:26,5,2024-07-29,BOA,Google Play
Nanesso Gemechu,Ok,2024-07-29 07:47:11,5,2024-07-29,BOA,Google Play
Selhadin Jafer,Nays,2024-07-28 17:19:24,5,2024-07-28,BOA,Google Play
Kalkidan mehari,The worst app,2024-07-28 15:35:54,1,2024-07-28,BOA,Google Play
Oumer Kassaw,it can't even open and only display error messages,2024-07-27 18:01:32,1,2024-07-27,BOA,Google Play
Kamil Hassen,not active,2024-07-27 12:39:42,1,2024-07-27,BOA,Google Play
Mesay Sahil,To get good quality,2024-07-27 06:22:10,5,2024-07-27,BOA,Google Play
Abrham Temesgen,·ä†·ã≠·à∞·à´·àù ·ä•·äÆ ·àù·äï·ãµ·äï ·äê·ãç ·âΩ·åç·à©?,2024-07-26 08:36:44,1,2024-07-26,BOA,Google Play
Belete Arega,uselss app dont download,2024-07-26 08:36:14,1,2024-07-26,BOA,Google Play
Johnny Solomon,"Is this app fake i try it not working it say please try again later, unable to make transactions what is the purpose of this app . If it is not working delete it",2024-07-25 20:24:26,1,2024-07-25,BOA,Google Play
Seifu Mekonnen,"This app didn't work. They have a new version (new app) but still not compatible with my Samsung S8+ , which is v.funny.",2024-07-25 09:35:54,1,2024-07-25,BOA,Google Play
Abebe Ebistie,Corrupted and poor app,2024-07-24 15:58:27,1,2024-07-24,BOA,Google Play
Bizunesh Bedada,Good,2024-07-24 08:51:19,1,2024-07-24,BOA,Google Play
Lulawit Abreham Tsegaye,When I try to use the application it says 'developer setting should be off' where is the setting to off this play Still doesn't work for me,2024-07-24 07:27:07,3,2024-07-24,BOA,Google Play
Shiferaw Teka,Nice,2024-07-24 06:54:06,5,2024-07-24,BOA,Google Play
tewodros fekadu,FIX YOUR Apollo!! You guys where the best üëå,2024-07-23 20:29:08,1,2024-07-23,BOA,Google Play
Selamawit Belete,Always slow and doesn't work on weekends if you are in a rush or a merchant this app is not for you,2024-07-23 15:53:32,1,2024-07-23,BOA,Google Play
mulualem chekol,"It's very difficult to use the user, app,ones dawenload the user can't operate well , no one can help me,",2024-07-23 15:36:47,1,2024-07-23,BOA,Google Play
alnur aliyo,Poor application. It turned off by itself,2024-07-23 13:06:20,1,2024-07-23,BOA,Google Play
Mikiale dres,Okay,2024-07-23 12:54:10,5,2024-07-23,BOA,Google Play
BILATU TENKIR,Allowed,2024-07-23 12:41:00,5,2024-07-23,BOA,Google Play
Semeab Seyoum,It usually crashes and the reason it gives is a problem on internet connection although the internet was fine.,2024-07-23 07:35:15,1,2024-07-23,BOA,Google Play
Mwaniki feny,we want international mobile banking,2024-07-22 20:31:31,1,2024-07-22,BOA,Google Play
Aymen Seid,"screenshot isn't working, Please modify it",2024-07-22 14:38:15,2,2024-07-22,BOA,Google Play
Nazret Measho,Naziriet measho 89160437,2024-07-21 21:45:21,1,2024-07-21,BOA,Google Play
Ahmed Mohamed husen,Ahmed Mohammed husen,2024-07-21 16:33:55,3,2024-07-21,BOA,Google Play
Srgut,Is not working both this one and apollo did u make it better pls am gonne stop using this bank because of the mobile banking,2024-07-19 19:15:38,1,2024-07-19,BOA,Google Play
Brave Man,I have experiance,2024-07-19 19:12:05,5,2024-07-19,BOA,Google Play
Nebil Ahmed,The App is not working on Android 9.1 at all. It shows an error notification and forcefully closes the app. Must be fixed ASAP.,2024-07-19 15:36:11,1,2024-07-19,BOA,Google Play
Zemen Kebede,Wow,2024-07-19 13:21:51,5,2024-07-19,BOA,Google Play
negus _,Crashes very frequently is not stable overall need improvement such a huge bank needs a better app than the current one,2024-07-19 06:35:32,1,2024-07-19,BOA,Google Play
·â∞·àò·à•·åà·äï ·àù·âµ·ä©,·à≠·ã≠·à≠·çç,2024-07-19 05:11:01,3,2024-07-19,BOA,Google Play
eyob mikire,The previous application is much better than this one,2024-07-18 14:40:55,1,2024-07-18,BOA,Google Play
Hailemichael Melaku,"Worst app. It is wise to invest money and you can make it like CBE app. Even the incon has no image. My app has better UI than yours. So, please invest more and hire professional developer companies and improve it.",2024-07-18 08:45:25,1,2024-07-18,BOA,Google Play
Maxamud Roble,mal,2024-07-16 20:55:56,5,2024-07-16,BOA,Google Play
Mariyam Amalaje,It is not working at all,2024-07-16 17:29:37,1,2024-07-16,BOA,Google Play
bekri Emam,Excellent,2024-07-16 16:57:45,5,2024-07-16,BOA,Google Play
Israel Tsegaye,The poorest mobile banking survice ever. Only error reports frequently,2024-07-16 13:37:32,1,2024-07-16,BOA,Google Play
Ephrem Hagos,Wow,2024-07-16 10:01:39,5,2024-07-16,BOA,Google Play
Addis Alem,üòûüòûüòûüòû,2024-07-15 21:13:22,1,2024-07-15,BOA,Google Play
Mintesnot Melese,üò°üò°üò°üò°üò°üò°üò°,2024-07-15 16:03:16,1,2024-07-15,BOA,Google Play
faki j Musa,The worst banking app,2024-07-15 12:06:42,1,2024-07-15,BOA,Google Play
Amanuel Negash,The app is constantly crashing and freezing when to send to BOA customers' accounts.,2024-07-15 09:56:57,1,2024-07-15,BOA,Google Play
Kiros Gebre,No work app,2024-07-15 09:41:15,5,2024-07-15,BOA,Google Play
Asma mohammed,Is ok but stop sundenly,2024-07-15 07:00:54,5,2024-07-15,BOA,Google Play
Amu Ebra,ü§∑ü§∑ü§∑,2024-07-15 03:57:33,3,2024-07-15,BOA,Google Play
Hf Td,experienced,2024-07-14 19:35:03,5,2024-07-14,BOA,Google Play
It's Me Dag the Boss,Very poor app. Its Always cresh and not compatible,2024-07-13 15:10:50,2,2024-07-13,BOA,Google Play
Eyob D.,"It's not functional at all. It keeps saying ""error"". Unable to activate.",2024-07-13 09:39:40,1,2024-07-13,BOA,Google Play
MULGETA GEBREMARIAM,BoA,2024-07-13 08:36:22,5,2024-07-13,BOA,Google Play
Nahom Mekonen,I can't believe that Abyssinia develop this kind of trash app it have a lot of issues üëéüëéüëé,2024-07-13 08:27:20,1,2024-07-13,BOA,Google Play
mark alegn,Boa,2024-07-13 04:50:46,5,2024-07-13,BOA,Google Play
Doye Entertainment,The new app is very good,2024-07-12 21:05:22,5,2024-07-12,BOA,Google Play
abdirahman osman,It's very good but sometimes isn't work probably,2024-07-12 15:10:09,5,2024-07-12,BOA,Google Play
Kirubel Solomon,It doesn't work,2024-07-12 14:38:05,1,2024-07-12,BOA,Google Play
Meka Man,·å≠·à´·àΩ ·ä†·ã≠·äê·çã·àù,2024-07-12 12:57:35,1,2024-07-12,BOA,Google Play
Hailye Mesafint,"This is the most stupid app I've seen, why would I turn off developer mode just because you can't make your app secure, this clearly indicates the app has very poor implementation and unskilled developers.. There are a lot of people who need developer option for different reasons. Please for the sake of the bank, fix this thing... Even the most secure international banking apps don't require it. Not to mention the lag and crashes",2024-07-12 01:11:29,1,2024-07-12,BOA,Google Play
Mo Isa,The worst mobile banking app,2024-07-11 19:17:00,1,2024-07-11,BOA,Google Play
Shay Shi,It is not fast,2024-07-11 15:48:34,3,2024-07-11,BOA,Google Play
Faris Faris,Ok,2024-07-11 14:50:36,5,2024-07-11,BOA,Google Play
BINIAM NIGUSIE,Useless,2024-07-11 13:17:12,1,2024-07-11,BOA,Google Play
Michael Bayray,The app keeps crashing it stops responding while I'm using it or trying to open the app. Now I have to go to the bank in person to do any banking activities. In short it is the worst mobile banking system in Ethiopia,2024-07-11 12:10:32,1,2024-07-11,BOA,Google Play
Alkadir Muhammed,·àÄ·ã®,2024-07-10 15:10:57,5,2024-07-10,BOA,Google Play
Sintayehu Alemu,Too late!,2024-07-10 14:58:49,1,2024-07-10,BOA,Google Play
Tema Ethiopia (Tour),No work,2024-07-10 09:03:47,5,2024-07-10,BOA,Google Play
Abenezer Anemaw,"Pretty good for a banking app, it still lacks some things with in the ui and with the speed of the app but overall it's a good application. Thank you 5/5üëçüèª",2024-07-09 19:36:45,5,2024-07-09,BOA,Google Play
Ayub Naser,After update it doesn't work well,2024-07-09 07:48:40,2,2024-07-09,BOA,Google Play
EYOB TADESSE,Error occurred try again for 5 days tele birr user not found ·àà·à´·à¥ ·ä†·ãù·ã§,2024-07-08 19:19:38,1,2024-07-08,BOA,Google Play
Alemtsehay Maru,Good but Very slow.,2024-07-08 09:26:38,1,2024-07-08,BOA,Google Play
Samatar Gire,Very good app,2024-07-07 03:19:52,5,2024-07-07,BOA,Google Play
Sultan Muhamed,"It is so bad apps ,it doesn't work",2024-07-06 14:34:02,1,2024-07-06,BOA,Google Play
Abel Kidanemariame,"From now on I will never going to use this app,It is a trash app.No one care about this app from bank I will rate them 0/5.",2024-07-06 06:20:49,1,2024-07-06,BOA,Google Play
Muhammed Tilahun,It usually crashes and unable to process also it request to off the developer options,2024-07-05 18:21:32,1,2024-07-05,BOA,Google Play
Million Gebre,Miliyone.,2024-07-05 15:55:55,5,2024-07-05,BOA,Google Play
worekamawu gerimamo,Workneh girmamo,2024-07-05 15:49:53,5,2024-07-05,BOA,Google Play
Bizuayehu Elias,üôèüôèüôè,2024-07-05 12:01:25,5,2024-07-05,BOA,Google Play
Dallol App,"I can't believe in this day and age, one of the major banks of the country can't seem to understand that having a working mobile payment option is a **MUST** to survive. I have decided to move my accounts to CBE and Awash because of this. Can't be bothered with this useless app.",2024-07-04 11:46:13,1,2024-07-04,BOA,Google Play
Fitsum Zewdie,Is it even working these days? Please check it.,2024-07-04 09:03:15,1,2024-07-04,BOA,Google Play
Hanna Merid,"The app is essentially unusable, it asks to disable developer mode even when it is already disabled and crashes, sometimes it only works with wifi and sometimes only with data, or it crashes just because.......",2024-07-04 07:59:38,1,2024-07-04,BOA,Google Play
Getachew Melaku,Please make it functional.,2024-07-03 19:38:48,5,2024-07-03,BOA,Google Play
Alsham ‚ÄúALSHAM SATSUMA‚Äù Abdi,its best app but its don't working in poor connection area so,2024-07-03 13:11:03,5,2024-07-03,BOA,Google Play
Zuber Shafi,Please Recover thank you,2024-07-02 16:26:30,5,2024-07-02,BOA,Google Play
Bizuneh Girma,Best,2024-07-01 10:13:46,5,2024-07-01,BOA,Google Play
Natalieno Gebremichael,This app doesn't work,2024-06-30 10:39:50,1,2024-06-30,BOA,Google Play
Fliad 417k Harar,Excellent app,2024-06-29 14:46:54,5,2024-06-29,BOA,Google Play
Mc solo,"the app used to run fine, but now it takes like forever to even open the main dashboard and sometimes it just crashes on its own. you guys gotta step it up. we need this app to be way faster",2024-06-27 20:33:38,1,2024-06-27,BOA,Google Play
yeabsra samson,the underrated app I've ever seen and ur banking system is Soo Idiocracy,2024-06-27 18:27:52,1,2024-06-27,BOA,Google Play
Sal A.,It demands to disable developer option.,2024-06-27 16:09:58,1,2024-06-27,BOA,Google Play
habtamu soressa,"It's been two months now, I cannot do any transaction using this app. It's really disappointing. I am using bank of Abyssinia currently because it's the nearest bank to my work place. The bank is turning to the worst bank in the country day by day. They always respond to customers that they are updating their system all year long, I think that's what they train their customer service operators to do.",2024-06-26 15:45:58,1,2024-06-26,BOA,Google Play
Never give App,Open Open service,2024-06-25 21:57:45,5,2024-06-25,BOA,Google Play
Ahmed Mohammed,·ä†·çë ·â†·å£·àù ·ä†·àµ·â∏·åã·à™ ·àÜ·äó·àç,2024-06-25 09:10:14,1,2024-06-25,BOA,Google Play
Seid Kasawu,ok,2024-06-24 20:12:38,1,2024-06-24,BOA,Google Play
Yonatan Adane,Its not working.,2024-06-24 07:43:07,1,2024-06-24,BOA,Google Play
yonas sharew,"Riddled with crashes, cant use it anymore. Very frustrating!",2024-06-20 11:18:55,1,2024-06-20,BOA,Google Play
Apostle Jabez,Always error occured. The worst app ever,2024-06-20 10:19:22,1,2024-06-20,BOA,Google Play
fikresilase adane,·ä®·ãö·àÖ ·âµ·àç·âÖ ·â£·äï·ä≠ ·ã®·àõ·ã≠·å†·â†·âÖ ·ãµ·äï·ãù·ãù·ãù·ãù ·ã´·àà App.... ·ãõ·åç·åç·åç ·äê·ãç ·ã´·à®·åà·äù üò°üò°üò°,2024-06-20 06:17:22,1,2024-06-20,BOA,Google Play
Blen Mike,Excellent service,2024-06-18 23:11:59,5,2024-06-18,BOA,Google Play
Atlas Business Portal,It's not convenient,2024-06-17 13:59:56,1,2024-06-17,BOA,Google Play
Husen,meskelu Metku,2024-06-17 11:10:40,5,2024-06-17,BOA,Google Play
Aymen Getachew,Verry nice,2024-06-17 10:05:26,5,2024-06-17,BOA,Google Play
Yared Seyoum,It has become the most unreliable mibile banking app ever.,2024-06-16 08:23:01,1,2024-06-16,BOA,Google Play
netsanet meseret,Good,2024-06-14 14:17:50,5,2024-06-14,BOA,Google Play
soja,"·ä†·äò·àç·ä¨·àΩ·äë ·â†·àÅ·àâ·àù ·äê·åà·à≠ ·å•·à© ·äê·ãâ,·äê·åà·à≠ ·åç·äï Network ·â†·å£·àù ·äê·ãâ ·ä•·àö·ã´·àµ·â∏·åà·à®·ãç",2024-06-13 10:20:15,2,2024-06-13,BOA,Google Play
Teshome Regassa,The poorest mobile banking I have seen in the industry. Is not stable to login and post transactions. Is not attractive. Error reports frequently.,2024-06-13 09:42:15,5,2024-06-13,BOA,Google Play
Christian Deksisa,üëçüëçüëç,2024-06-12 07:29:59,5,2024-06-12,BOA,Google Play
Nathan T,Really Bank,2024-06-11 23:58:51,5,2024-06-11,BOA,Google Play
Paul ching jock,I like the the bank of Abyssinia is the best first bank of Ethiopia,2024-06-11 11:38:38,1,2024-06-11,BOA,Google Play
Bereket Gintamo,The app is not good need a few work,2024-06-11 11:09:00,3,2024-06-11,BOA,Google Play
Epheson Timotewos,"The worst mob app i have ever seen. Slow, uncomfortable and stupid. It is better to learn from the best app (tele birr). The released updates is even worst.",2024-06-11 05:19:35,1,2024-06-11,BOA,Google Play
betreab argaw,"Unreliable, expensive service. Most of the time, it is not working. Sometimes, it will take more than a day to complete transactions and charges more for this unworthy service. I will not recommend this bank app to anyone.",2024-06-10 20:09:57,1,2024-06-10,BOA,Google Play
Yohannes Temtime,The worst app,2024-06-10 14:38:06,1,2024-06-10,BOA,Google Play
kasahun gawo,excellent service,2024-06-10 08:05:49,5,2024-06-10,BOA,Google Play
Samuel Nigatu,You are beutiful,2024-06-09 08:04:29,5,2024-06-09,BOA,Google Play
warsame mahamoud,Good üëç,2024-06-07 00:52:31,5,2024-06-07,BOA,Google Play
Sebahudin Abureyan,The best app,2024-06-06 15:09:23,5,2024-06-06,BOA,Google Play
Alexander Abebe,·ä†·ã≠·à∞·à´·àù ·ä†·çë ·àà·àù·äï·ãµ·äê·ãç,2024-06-06 13:05:14,1,2024-06-06,BOA,Google Play
Sewlesew Biruu,Awful,2024-06-06 11:54:25,1,2024-06-06,BOA,Google Play
Meron Eshetu,Developer option to be off really,2024-06-06 09:51:45,1,2024-06-06,BOA,Google Play
Amanuel Kelelom,Good app boa,2024-06-06 09:45:26,5,2024-06-06,BOA,Google Play
Mukemil Rahmeto,I'm disappointed with the recent changes to this app. Disabling developer options for functionality seems unnecessary. The previous version offered a more user-friendly experience.,2024-06-06 09:20:54,1,2024-06-06,BOA,Google Play
Belew Chebud,"Worest app, it cannot be downloaded",2024-06-05 15:59:58,2,2024-06-05,BOA,Google Play
Besu Dana,üò≠üò≠üò≠üò≠üò≠üò≠üò≠,2024-06-05 01:16:34,1,2024-06-05,BOA,Google Play
DARE_RAYA_SWAIN,slow only some times the wey it is veary nice app,2024-06-04 22:26:08,5,2024-06-04,BOA,Google Play
Khadar Shakir,ok yes,2024-06-04 20:05:49,5,2024-06-04,BOA,Google Play
YOKAHIN,The worst mobile banking app,2024-06-04 16:31:21,1,2024-06-04,BOA,Google Play
DAWIT FELEKE,It's nice apps,2024-06-04 07:41:53,1,2024-06-04,BOA,Google Play
Biruk Addisu,Wow! what a disgrace for BOA. The app barely works. Too slow and always returns error.,2024-06-03 20:56:20,1,2024-06-03,BOA,Google Play
Berhanu Tarekegn,Excited by your service,2024-06-02 11:27:50,5,2024-06-02,BOA,Google Play
Nuhfahad Abdelkader,Kerfafa new,2024-06-01 20:52:18,1,2024-06-01,BOA,Google Play
Hikma Abdella,ABDU MUDESR,2024-06-01 19:57:38,2,2024-06-01,BOA,Google Play
seid ibnu ayub,Ok,2024-05-31 19:06:04,5,2024-05-31,BOA,Google Play
Bethel Sileshi,"The worst mobile banking app! It doesn't load (seems like with the perfect WiFi and data connection it still manages to have network issues), when you finally get into the app, it makes it so hard more than it should be to send money.",2024-05-31 16:55:46,1,2024-05-31,BOA,Google Play
almu Ogeza,Excellent,2024-05-31 16:22:21,5,2024-05-31,BOA,Google Play
Fikadu Adimasu,It is Good to save time üëåüëå,2024-05-31 09:39:47,3,2024-05-31,BOA,Google Play
Ermi,"I'm sorry but what kind of stupid developer thinks the app will be faster if we disable ""Developer mode""? I've never seen such degeneracy in my entire life, please get rid of this feature",2024-05-29 21:34:12,1,2024-05-29,BOA,Google Play
yayneshet megistu,What is the purpose or point of not allowing to take a screenshot of the recipe after transferring???,2024-05-29 15:45:37,1,2024-05-29,BOA,Google Play
Seid Ahmed,Ayseram,2024-05-28 18:42:46,1,2024-05-28,BOA,Google Play
NEW DAY,Worst banking app ever,2024-05-28 18:07:28,1,2024-05-28,BOA,Google Play
Arga Kasu,not bad,2024-05-26 18:32:13,1,2024-05-26,BOA,Google Play
